case,tick,instance,phase,attacker_x,attacker_y,attacker_z,hand_x,hand_y,hand_z,head_x,head_y,head_z,head_radius,segment_surface_distance,move_x,move_y,move_z,physical_hits,procedural_strength
1,7,1,ACTIVE,0.00000,0.10880,0.00000,-0.47357,1.20659,0.70874,0.02753,1.33200,0.96177,0.17500,0.23690,-0.09638,0.16124,0.06282,0,1.000
1,8,1,ACTIVE,0.00000,0.10880,0.00000,-0.30435,1.07240,0.76947,0.02138,1.33200,0.95801,0.17500,0.12221,0.16921,-0.13419,0.06073,1,1.000
1,9,1,ACTIVE,0.00000,0.10880,0.00000,-0.35547,1.23041,0.64693,0.01567,1.33200,0.95557,0.17500,0.11706,-0.05112,0.15802,-0.12254,1,1.000
1,10,1,ACTIVE,0.00000,0.10880,0.00000,-0.33690,1.00185,0.61715,0.01054,1.33200,0.95408,0.17500,0.15349,0.01858,-0.22857,-0.02979,0,1.000
1,11,1,ACTIVE,0.00000,0.10880,0.00000,-0.52845,1.11338,0.63494,0.00602,1.33200,0.95327,0.17500,0.24773,-0.19156,0.11153,0.01780,0,1.000
1,12,1,ACTIVE,0.00000,0.10880,0.00000,-0.45432,0.94955,0.77047,0.00207,1.33200,0.95293,0.17500,0.28752,0.07413,-0.16383,0.13553,0,1.000
2,6,2,ACTIVE,0.00000,0.10880,0.00000,-0.45339,1.21738,0.70881,0.02753,1.33200,0.96177,0.17500,0.21980,-0.08249,0.16355,0.06378,0,1.000
2,7,2,ACTIVE,0.00000,0.10880,0.00000,-0.28611,1.08292,0.75145,0.02138,1.33200,0.95801,0.17500,0.11138,0.16728,-0.13446,0.04264,1,1.000
2,8,2,ACTIVE,0.00000,0.10880,0.00000,-0.33524,1.23122,0.63473,0.01567,1.33200,0.95557,0.17500,0.10633,-0.04913,0.14830,-0.11672,1,1.000
2,9,2,ACTIVE,0.00000,0.10880,0.00000,-0.32870,1.01556,0.60448,0.01054,1.33200,0.95408,0.17500,0.14636,0.00653,-0.21566,-0.03025,0,1.000
2,10,2,ACTIVE,0.00000,0.10880,0.00000,-0.49710,1.12266,0.64135,0.00602,1.33200,0.95327,0.17500,0.24278,-0.16839,0.10710,0.03687,0,1.000
2,11,2,ACTIVE,0.00000,0.10880,0.00000,-0.41124,0.97902,0.75759,0.00207,1.33200,0.95293,0.17500,0.24257,0.08585,-0.14364,0.11624,0,1.000
3,6,3,ACTIVE,0.00000,0.10880,0.00000,-0.45339,1.21738,0.70881,0.02753,1.33200,0.96177,0.17500,0.21980,-0.08249,0.16355,0.06378,0,1.000
3,7,3,ACTIVE,0.00000,0.10880,0.00000,-0.28611,1.08292,0.75145,0.02138,1.33200,0.95801,0.17500,0.11138,0.16728,-0.13446,0.04264,1,1.000
3,8,3,ACTIVE,0.00000,0.10880,0.00000,-0.33524,1.23122,0.63473,0.01567,1.33200,0.95557,0.17500,0.10634,-0.04913,0.14830,-0.11672,1,1.000
3,9,3,ACTIVE,0.00000,0.10880,0.00000,-0.32870,1.01556,0.60448,0.01054,1.33200,0.95408,0.17500,0.14636,0.00653,-0.21566,-0.03025,0,1.000
3,10,3,ACTIVE,0.00000,0.10880,0.00000,-0.49710,1.12266,0.64135,0.00602,1.33200,0.95327,0.17500,0.24278,-0.16839,0.10710,0.03687,0,1.000
3,11,3,ACTIVE,0.00000,0.10880,0.00000,-0.41124,0.97902,0.75759,0.00207,1.33200,0.95293,0.17500,0.24256,0.08586,-0.14364,0.11624,0,1.000
4,6,4,ACTIVE,0.00000,0.10880,0.00000,-0.45339,1.21738,0.70881,0.02753,1.33200,0.96177,0.17500,0.21980,-0.08249,0.16355,0.06378,0,1.000
4,7,4,ACTIVE,0.00000,0.10880,0.00000,-0.28611,1.08292,0.75145,0.02138,1.33200,0.95801,0.17500,0.11138,0.16728,-0.13446,0.04264,1,1.000
4,8,4,ACTIVE,0.00000,0.10880,0.00000,-0.33524,1.23122,0.63473,0.01567,1.33200,0.95557,0.17500,0.10634,-0.04913,0.14830,-0.11672,1,1.000
4,9,4,ACTIVE,0.00000,0.10880,0.00000,-0.32870,1.01556,0.60448,0.01054,1.33200,0.95408,0.17500,0.14636,0.00653,-0.21566,-0.03025,0,1.000
4,10,4,ACTIVE,0.00000,0.10880,0.00000,-0.49710,1.12266,0.64135,0.00602,1.33200,0.95327,0.17500,0.24278,-0.16839,0.10710,0.03687,0,1.000
4,11,4,ACTIVE,0.00000,0.10880,0.00000,-0.41124,0.97902,0.75759,0.00207,1.33200,0.95293,0.17500,0.24256,0.08585,-0.14364,0.11624,0,1.000
5,6,5,ACTIVE,0.00000,0.10880,0.00000,-0.45339,1.21738,0.70881,0.02753,1.33200,0.96177,0.17500,0.21980,-0.08249,0.16355,0.06378,0,1.000
5,7,5,ACTIVE,0.00000,0.10880,0.00000,-0.28611,1.08292,0.75145,0.02138,1.33200,0.95801,0.17500,0.11138,0.16728,-0.13446,0.04264,1,1.000
5,8,5,ACTIVE,0.00000,0.10880,0.00000,-0.33524,1.23122,0.63473,0.01567,1.33200,0.95557,0.17500,0.10634,-0.04913,0.14830,-0.11672,1,1.000
5,9,5,ACTIVE,0.00000,0.10880,0.00000,-0.32870,1.01556,0.60448,0.01054,1.33200,0.95408,0.17500,0.14636,0.00654,-0.21566,-0.03025,0,1.000
5,10,5,ACTIVE,0.00000,0.10880,0.00000,-0.49710,1.12266,0.64135,0.00602,1.33200,0.95327,0.17500,0.24278,-0.16840,0.10710,0.03687,0,1.000
5,11,5,ACTIVE,0.00000,0.10880,0.00000,-0.41125,0.97902,0.75759,0.00207,1.33200,0.95293,0.17500,0.24257,0.08585,-0.14364,0.11624,0,1.000
6,6,6,ACTIVE,0.00000,0.10880,0.00000,-0.45339,1.21738,0.70881,0.02753,1.33200,0.96177,0.17500,0.21980,-0.08249,0.16355,0.06378,0,1.000
6,7,6,ACTIVE,0.00000,0.10880,0.00000,-0.28611,1.08292,0.75145,0.02138,1.33200,0.95801,0.17500,0.11138,0.16728,-0.13446,0.04264,1,1.000
6,8,6,ACTIVE,0.00000,0.10880,0.00000,-0.33524,1.23122,0.63473,0.01567,1.33200,0.95557,0.17500,0.10634,-0.04913,0.14830,-0.11672,1,1.000
6,9,6,ACTIVE,0.00000,0.10880,0.00000,-0.32870,1.01556,0.60448,0.01054,1.33200,0.95408,0.17500,0.14636,0.00654,-0.21566,-0.03025,0,1.000
6,10,6,ACTIVE,0.00000,0.10880,0.00000,-0.49710,1.12266,0.64135,0.00602,1.33200,0.95327,0.17500,0.24277,-0.16840,0.10710,0.03686,0,1.000
6,11,6,ACTIVE,0.00000,0.10880,0.00000,-0.41125,0.97902,0.75759,0.00207,1.33200,0.95293,0.17500,0.24257,0.08585,-0.14364,0.11624,0,1.000
7,6,7,ACTIVE,0.00000,0.10880,0.00000,-0.45339,1.21738,0.70881,0.02753,1.33200,0.96177,0.17500,0.21980,-0.08249,0.16355,0.06378,0,1.000
7,7,7,ACTIVE,0.00000,0.10880,0.00000,-0.28611,1.08292,0.75145,0.02138,1.33200,0.95801,0.17500,0.11138,0.16728,-0.13446,0.04264,1,1.000
7,8,7,ACTIVE,0.00000,0.10880,0.00000,-0.33524,1.23122,0.63473,0.01567,1.33200,0.95557,0.17500,0.10633,-0.04913,0.14830,-0.11672,1,1.000
7,9,7,ACTIVE,0.00000,0.10880,0.00000,-0.32871,1.01556,0.60448,0.01054,1.33200,0.95408,0.17500,0.14636,0.00653,-0.21566,-0.03024,0,1.000
7,10,7,ACTIVE,0.00000,0.10880,0.00000,-0.49710,1.12266,0.64135,0.00602,1.33200,0.95327,0.17500,0.24278,-0.16839,0.10711,0.03687,0,1.000
7,11,7,ACTIVE,0.00000,0.10880,0.00000,-0.41126,0.97901,0.75758,0.00207,1.33200,0.95293,0.17500,0.24259,0.08584,-0.14365,0.11623,0,1.000
8,6,8,ACTIVE,0.00000,0.10880,0.00000,-0.45340,1.21738,0.70881,0.02753,1.33200,0.96177,0.17500,0.21980,-0.08249,0.16355,0.06378,0,1.000
8,7,8,ACTIVE,0.00000,0.10880,0.00000,-0.28611,1.08292,0.75146,0.02138,1.33200,0.95801,0.17500,0.11138,0.16729,-0.13446,0.04265,1,1.000
8,8,8,ACTIVE,0.00000,0.10880,0.00000,-0.33524,1.23122,0.63473,0.01567,1.33200,0.95557,0.17500,0.10634,-0.04913,0.14830,-0.11672,1,1.000
8,9,8,ACTIVE,0.00000,0.10880,0.00000,-0.32870,1.01556,0.60448,0.01054,1.33200,0.95408,0.17500,0.14636,0.00653,-0.21566,-0.03025,0,1.000
8,10,8,ACTIVE,0.00000,0.10880,0.00000,-0.49713,1.12264,0.64133,0.00602,1.33200,0.95327,0.17500,0.24278,-0.16843,0.10708,0.03685,0,1.000
8,11,8,ACTIVE,0.00000,0.10880,0.00000,-0.41128,0.97901,0.75762,0.00207,1.33200,0.95293,0.17500,0.24259,0.08585,-0.14363,0.11630,0,1.000
9,6,9,ACTIVE,0.00000,0.10880,0.00000,-0.45339,1.21738,0.70881,0.02753,1.33200,0.96177,0.17500,0.21980,-0.08249,0.16355,0.06378,0,1.000
9,7,9,ACTIVE,0.00000,0.10880,0.00000,-0.28611,1.08292,0.75145,0.02138,1.33200,0.95801,0.17500,0.11138,0.16728,-0.13446,0.04264,1,1.000
9,8,9,ACTIVE,0.00000,0.10880,0.00000,-0.33524,1.23122,0.63473,0.01567,1.33200,0.95557,0.17500,0.10634,-0.04913,0.14830,-0.11672,1,1.000
9,9,9,ACTIVE,0.00000,0.10880,0.00000,-0.32870,1.01556,0.60448,0.01054,1.33200,0.95408,0.17500,0.14636,0.00654,-0.21566,-0.03025,0,1.000
9,10,9,ACTIVE,0.00000,0.10880,0.00000,-0.49710,1.12266,0.64135,0.00602,1.33200,0.95327,0.17500,0.24278,-0.16840,0.10710,0.03687,0,1.000
9,11,9,ACTIVE,0.00000,0.10880,0.00000,-0.41125,0.97902,0.75759,0.00207,1.33200,0.95293,0.17500,0.24257,0.08585,-0.14364,0.11624,0,1.000
10,6,10,ACTIVE,0.00000,0.10880,0.00000,-0.45339,1.21738,0.70881,0.02753,1.33200,0.96177,0.17500,0.21980,-0.08249,0.16355,0.06378,0,1.000
10,7,10,ACTIVE,0.00000,0.10880,0.00000,-0.28611,1.08292,0.75145,0.02138,1.33200,0.95801,0.17500,0.11138,0.16728,-0.13446,0.04264,1,1.000
10,8,10,ACTIVE,0.00000,0.10880,0.00000,-0.33524,1.23122,0.63473,0.01567,1.33200,0.95557,0.17500,0.10634,-0.04913,0.14830,-0.11672,1,1.000
10,9,10,ACTIVE,0.00000,0.10880,0.00000,-0.32870,1.01556,0.60448,0.01054,1.33200,0.95408,0.17500,0.14636,0.00654,-0.21566,-0.03025,0,1.000
10,10,10,ACTIVE,0.00000,0.10880,0.00000,-0.49710,1.12266,0.64135,0.00602,1.33200,0.95327,0.17500,0.24278,-0.16840,0.10710,0.03687,0,1.000
10,11,10,ACTIVE,0.00000,0.10880,0.00000,-0.41125,0.97902,0.75759,0.00207,1.33200,0.95293,0.17500,0.24257,0.08585,-0.14364,0.11624,0,1.000
11,6,11,ACTIVE,0.00000,0.10880,0.00000,-0.45339,1.21738,0.70881,0.02753,1.33200,0.96177,0.17500,0.21980,-0.08249,0.16355,0.06378,0,1.000
11,7,11,ACTIVE,0.00000,0.10880,0.00000,-0.28611,1.08292,0.75145,0.02138,1.33200,0.95801,0.17500,0.11138,0.16728,-0.13446,0.04264,1,1.000
11,8,11,ACTIVE,0.00000,0.10880,0.00000,-0.33524,1.23122,0.63473,0.01567,1.33200,0.95557,0.17500,0.10634,-0.04913,0.14830,-0.11672,1,1.000
11,9,11,ACTIVE,0.00000,0.10880,0.00000,-0.32870,1.01556,0.60448,0.01054,1.33200,0.95408,0.17500,0.14636,0.00654,-0.21566,-0.03025,0,1.000
11,10,11,ACTIVE,0.00000,0.10880,0.00000,-0.49710,1.12266,0.64135,0.00602,1.33200,0.95327,0.17500,0.24278,-0.16840,0.10710,0.03687,0,1.000
11,11,11,ACTIVE,0.00000,0.10880,0.00000,-0.41125,0.97902,0.75759,0.00207,1.33200,0.95293,0.17500,0.24257,0.08585,-0.14364,0.11624,0,1.000
12,6,12,ACTIVE,0.00000,0.10880,0.00000,-0.45339,1.21738,0.70881,0.02753,1.33200,0.96177,0.17500,0.21980,-0.08249,0.16355,0.06378,0,1.000
12,7,12,ACTIVE,0.00000,0.10880,0.00000,-0.28611,1.08292,0.75145,0.02138,1.33200,0.95801,0.17500,0.11138,0.16728,-0.13446,0.04264,1,1.000
12,8,12,ACTIVE,0.00000,0.10880,0.00000,-0.33524,1.23122,0.63473,0.01567,1.33200,0.95557,0.17500,0.10634,-0.04913,0.14830,-0.11672,1,1.000
12,9,12,ACTIVE,0.00000,0.10880,0.00000,-0.32870,1.01556,0.60448,0.01054,1.33200,0.95408,0.17500,0.14636,0.00654,-0.21566,-0.03025,0,1.000
12,10,12,ACTIVE,0.00000,0.10880,0.00000,-0.49710,1.12266,0.64135,0.00602,1.33200,0.95327,0.17500,0.24278,-0.16840,0.10710,0.03687,0,1.000
12,11,12,ACTIVE,0.00000,0.10880,0.00000,-0.41125,0.97902,0.75759,0.00207,1.33200,0.95293,0.17500,0.24257,0.08585,-0.14364,0.11624,0,1.000
13,6,13,ACTIVE,0.00000,0.10880,0.00000,-0.45339,1.21738,0.70881,0.02753,1.33200,0.96177,0.17500,0.21980,-0.08249,0.16355,0.06378,0,1.000
13,7,13,ACTIVE,0.00000,0.10880,0.00000,-0.28611,1.08292,0.75145,0.02138,1.33200,0.95801,0.17500,0.11138,0.16728,-0.13446,0.04264,1,1.000
13,8,13,ACTIVE,0.00000,0.10880,0.00000,-0.33524,1.23122,0.63473,0.01567,1.33200,0.95557,0.17500,0.10634,-0.04913,0.14830,-0.11672,1,1.000
13,9,13,ACTIVE,0.00000,0.10880,0.00000,-0.32870,1.01556,0.60448,0.01054,1.33200,0.95408,0.17500,0.14636,0.00654,-0.21566,-0.03025,0,1.000
13,10,13,ACTIVE,0.00000,0.10880,0.00000,-0.49710,1.12266,0.64135,0.00602,1.33200,0.95327,0.17500,0.24278,-0.16840,0.10710,0.03687,0,1.000
13,11,13,ACTIVE,0.00000,0.10880,0.00000,-0.41125,0.97902,0.75759,0.00207,1.33200,0.95293,0.17500,0.24257,0.08585,-0.14364,0.11624,0,1.000
14,6,14,ACTIVE,0.00000,0.10880,0.00000,-0.45339,1.21738,0.70881,0.02753,1.33200,0.96177,0.17500,0.21980,-0.08249,0.16355,0.06378,0,1.000
14,7,14,ACTIVE,0.00000,0.10880,0.00000,-0.28611,1.08292,0.75145,0.02138,1.33200,0.95801,0.17500,0.11138,0.16728,-0.13446,0.04264,1,1.000
14,8,14,ACTIVE,0.00000,0.10880,0.00000,-0.33524,1.23122,0.63473,0.01567,1.33200,0.95557,0.17500,0.10634,-0.04913,0.14830,-0.11672,1,1.000
14,9,14,ACTIVE,0.00000,0.10880,0.00000,-0.32870,1.01556,0.60448,0.01054,1.33200,0.95408,0.17500,0.14636,0.00654,-0.21566,-0.03025,0,1.000
14,10,14,ACTIVE,0.00000,0.10880,0.00000,-0.49710,1.12266,0.64135,0.00602,1.33200,0.95327,0.17500,0.24278,-0.16840,0.10710,0.03687,0,1.000
14,11,14,ACTIVE,0.00000,0.10880,0.00000,-0.41125,0.97902,0.75759,0.00207,1.33200,0.95293,0.17500,0.24257,0.08585,-0.14364,0.11624,0,1.000
15,6,15,ACTIVE,0.00000,0.10880,0.00000,-0.45339,1.21738,0.70881,0.02753,1.33200,0.96177,0.17500,0.21980,-0.08249,0.16355,0.06378,0,1.000
15,7,15,ACTIVE,0.00000,0.10880,0.00000,-0.28611,1.08292,0.75145,0.02138,1.33200,0.95801,0.17500,0.11138,0.16728,-0.13446,0.04264,1,1.000
15,8,15,ACTIVE,0.00000,0.10880,0.00000,-0.33524,1.23122,0.63473,0.01567,1.33200,0.95557,0.17500,0.10634,-0.04913,0.14830,-0.11672,1,1.000
15,9,15,ACTIVE,0.00000,0.10880,0.00000,-0.32870,1.01556,0.60448,0.01054,1.33200,0.95408,0.17500,0.14636,0.00654,-0.21566,-0.03025,0,1.000
15,10,15,ACTIVE,0.00000,0.10880,0.00000,-0.49710,1.12266,0.64135,0.00602,1.33200,0.95327,0.17500,0.24278,-0.16840,0.10710,0.03687,0,1.000
15,11,15,ACTIVE,0.00000,0.10880,0.00000,-0.41125,0.97902,0.75759,0.00207,1.33200,0.95293,0.17500,0.24257,0.08585,-0.14364,0.11624,0,1.000
16,6,16,ACTIVE,0.00000,0.10880,0.00000,-0.45339,1.21738,0.70881,0.02753,1.33200,0.96177,0.17500,0.21980,-0.08249,0.16355,0.06378,0,1.000
16,7,16,ACTIVE,0.00000,0.10880,0.00000,-0.28611,1.08292,0.75145,0.02138,1.33200,0.95801,0.17500,0.11138,0.16728,-0.13446,0.04264,1,1.000
16,8,16,ACTIVE,0.00000,0.10880,0.00000,-0.33524,1.23122,0.63473,0.01567,1.33200,0.95557,0.17500,0.10634,-0.04913,0.14830,-0.11672,1,1.000
16,9,16,ACTIVE,0.00000,0.10880,0.00000,-0.32870,1.01556,0.60448,0.01054,1.33200,0.95408,0.17500,0.14636,0.00654,-0.21566,-0.03025,0,1.000
16,10,16,ACTIVE,0.00000,0.10880,0.00000,-0.49710,1.12266,0.64135,0.00602,1.33200,0.95327,0.17500,0.24278,-0.16840,0.10710,0.03687,0,1.000
16,11,16,ACTIVE,0.00000,0.10880,0.00000,-0.41125,0.97902,0.75759,0.00207,1.33200,0.95293,0.17500,0.24257,0.08585,-0.14364,0.11624,0,1.000
17,6,17,ACTIVE,0.00000,0.10880,0.00000,-0.45339,1.21738,0.70881,0.02753,1.33200,0.96177,0.17500,0.21980,-0.08249,0.16355,0.06378,0,1.000
17,7,17,ACTIVE,0.00000,0.10880,0.00000,-0.28611,1.08292,0.75145,0.02138,1.33200,0.95801,0.17500,0.11138,0.16728,-0.13446,0.04264,1,1.000
17,8,17,ACTIVE,0.00000,0.10880,0.00000,-0.33524,1.23122,0.63473,0.01567,1.33200,0.95557,0.17500,0.10634,-0.04913,0.14830,-0.11672,1,1.000
17,9,17,ACTIVE,0.00000,0.10880,0.00000,-0.32870,1.01556,0.60448,0.01054,1.33200,0.95408,0.17500,0.14636,0.00654,-0.21566,-0.03025,0,1.000
17,10,17,ACTIVE,0.00000,0.10880,0.00000,-0.49710,1.12266,0.64135,0.00602,1.33200,0.95327,0.17500,0.24278,-0.16840,0.10710,0.03687,0,1.000
17,11,17,ACTIVE,0.00000,0.10880,0.00000,-0.41125,0.97902,0.75759,0.00207,1.33200,0.95293,0.17500,0.24257,0.08585,-0.14364,0.11624,0,1.000
18,6,18,ACTIVE,0.00000,0.10880,0.00000,-0.45339,1.21738,0.70881,0.02753,1.33200,0.96177,0.17500,0.21980,-0.08249,0.16355,0.06378,0,1.000
18,7,18,ACTIVE,0.00000,0.10880,0.00000,-0.28611,1.08292,0.75145,0.02138,1.33200,0.95801,0.17500,0.11138,0.16728,-0.13446,0.04264,1,1.000
18,8,18,ACTIVE,0.00000,0.10880,0.00000,-0.33524,1.23122,0.63473,0.01567,1.33200,0.95557,0.17500,0.10634,-0.04913,0.14830,-0.11672,1,1.000
18,9,18,ACTIVE,0.00000,0.10880,0.00000,-0.32870,1.01556,0.60448,0.01054,1.33200,0.95408,0.17500,0.14636,0.00654,-0.21566,-0.03025,0,1.000
18,10,18,ACTIVE,0.00000,0.10880,0.00000,-0.49710,1.12266,0.64135,0.00602,1.33200,0.95327,0.17500,0.24278,-0.16840,0.10710,0.03687,0,1.000
18,11,18,ACTIVE,0.00000,0.10880,0.00000,-0.41125,0.97902,0.75759,0.00207,1.33200,0.95293,0.17500,0.24257,0.08585,-0.14364,0.11624,0,1.000
19,6,19,ACTIVE,0.00000,0.10880,0.00000,-0.45339,1.21738,0.70881,0.02753,1.33200,0.96177,0.17500,0.21980,-0.08249,0.16355,0.06378,0,1.000
19,7,19,ACTIVE,0.00000,0.10880,0.00000,-0.28611,1.08292,0.75145,0.02138,1.33200,0.95801,0.17500,0.11138,0.16728,-0.13446,0.04264,1,1.000
19,8,19,ACTIVE,0.00000,0.10880,0.00000,-0.33524,1.23122,0.63473,0.01567,1.33200,0.95557,0.17500,0.10634,-0.04913,0.14830,-0.11672,1,1.000
19,9,19,ACTIVE,0.00000,0.10880,0.00000,-0.32870,1.01556,0.60448,0.01054,1.33200,0.95408,0.17500,0.14636,0.00654,-0.21566,-0.03025,0,1.000
19,10,19,ACTIVE,0.00000,0.10880,0.00000,-0.49710,1.12266,0.64135,0.00602,1.33200,0.95327,0.17500,0.24278,-0.16840,0.10710,0.03687,0,1.000
19,11,19,ACTIVE,0.00000,0.10880,0.00000,-0.41125,0.97902,0.75759,0.00207,1.33200,0.95293,0.17500,0.24257,0.08585,-0.14364,0.11624,0,1.000
20,6,20,ACTIVE,0.00000,0.10880,0.00000,-0.45339,1.21738,0.70881,0.02753,1.33200,0.96177,0.17500,0.21980,-0.08249,0.16355,0.06378,0,1.000
20,7,20,ACTIVE,0.00000,0.10880,0.00000,-0.28611,1.08292,0.75145,0.02138,1.33200,0.95801,0.17500,0.11138,0.16728,-0.13446,0.04264,1,1.000
20,8,20,ACTIVE,0.00000,0.10880,0.00000,-0.33524,1.23122,0.63473,0.01567,1.33200,0.95557,0.17500,0.10634,-0.04913,0.14830,-0.11672,1,1.000
20,9,20,ACTIVE,0.00000,0.10880,0.00000,-0.32870,1.01556,0.60448,0.01054,1.33200,0.95408,0.17500,0.14636,0.00654,-0.21566,-0.03025,0,1.000
20,10,20,ACTIVE,0.00000,0.10880,0.00000,-0.49710,1.12266,0.64135,0.00602,1.33200,0.95327,0.17500,0.24278,-0.16840,0.10710,0.03687,0,1.000
20,11,20,ACTIVE,0.00000,0.10880,0.00000,-0.41125,0.97902,0.75759,0.00207,1.33200,0.95293,0.17500,0.24257,0.08585,-0.14364,0.11624,0,1.000
101,6,21,ACTIVE,0.00000,0.10880,0.00000,-0.62173,0.82801,0.82907,0.02753,1.34610,2.73407,0.17500,1.74322,-0.07780,0.17913,0.07560,0,1.000
101,7,21,ACTIVE,0.00000,0.10880,0.00000,-0.44382,0.68845,0.81883,0.02138,1.34610,2.73032,0.17500,1.73545,0.17791,-0.13956,-0.01024,0,1.000
101,8,21,ACTIVE,0.00000,0.10880,0.00000,-0.53463,0.80742,0.66198,0.01567,1.34610,2.72788,0.17500,1.73577,-0.09080,0.11897,-0.15685,0,1.000
101,9,21,ACTIVE,0.00000,0.10880,0.00000,-0.56891,0.56773,0.64822,0.01054,1.34610,2.72639,0.17500,1.86709,-0.03428,-0.23969,-0.01375,0,1.000
101,10,21,ACTIVE,0.00000,0.10880,0.00000,-0.73252,0.67862,0.71059,0.00602,1.34610,2.72558,0.17500,1.91248,-0.16362,0.11088,0.06236,0,1.000
101,11,21,ACTIVE,0.00000,0.10880,0.00000,-0.61306,0.54165,0.80916,0.00207,1.34610,2.72524,0.17500,1.83223,0.11947,-0.13697,0.09857,0,1.000
102,6,22,ACTIVE,0.00000,0.10880,0.00000,-0.62173,0.82801,0.82907,0.02753,1.34610,2.73407,0.17500,1.74322,-0.07780,0.17913,0.07560,0,1.000
102,7,22,ACTIVE,0.00000,0.10880,0.00000,-0.44382,0.68845,0.81883,0.02138,1.34610,2.73032,0.17500,1.73545,0.17791,-0.13956,-0.01024,0,1.000
102,8,22,ACTIVE,0.00000,0.10880,0.00000,-0.53463,0.80742,0.66198,0.01567,1.34610,2.72788,0.17500,1.73577,-0.09080,0.11897,-0.15685,0,1.000
102,9,22,ACTIVE,0.00000,0.10880,0.00000,-0.56891,0.56773,0.64822,0.01054,1.34610,2.72639,0.17500,1.86709,-0.03428,-0.23969,-0.01375,0,1.000
102,10,22,ACTIVE,0.00000,0.10880,0.00000,-0.73252,0.67862,0.71059,0.00602,1.34610,2.72558,0.17500,1.91248,-0.16362,0.11088,0.06236,0,1.000
102,11,22,ACTIVE,0.00000,0.10880,0.00000,-0.61306,0.54165,0.80916,0.00207,1.34610,2.72524,0.17500,1.83223,0.11947,-0.13697,0.09857,0,1.000
103,6,23,ACTIVE,0.00000,0.10880,0.00000,-0.62173,0.82801,0.82907,0.02753,1.34610,2.73407,0.17500,1.74322,-0.07780,0.17913,0.07560,0,1.000
103,7,23,ACTIVE,0.00000,0.10880,0.00000,-0.44382,0.68845,0.81883,0.02138,1.34610,2.73032,0.17500,1.73545,0.17791,-0.13956,-0.01024,0,1.000
103,8,23,ACTIVE,0.00000,0.10880,0.00000,-0.53463,0.80742,0.66198,0.01567,1.34610,2.72788,0.17500,1.73577,-0.09080,0.11897,-0.15685,0,1.000
103,9,23,ACTIVE,0.00000,0.10880,0.00000,-0.56891,0.56773,0.64822,0.01054,1.34610,2.72639,0.17500,1.86709,-0.03428,-0.23969,-0.01375,0,1.000
103,10,23,ACTIVE,0.00000,0.10880,0.00000,-0.73252,0.67862,0.71059,0.00602,1.34610,2.72558,0.17500,1.91248,-0.16362,0.11088,0.06236,0,1.000
103,11,23,ACTIVE,0.00000,0.10880,0.00000,-0.61306,0.54165,0.80916,0.00207,1.34610,2.72524,0.17500,1.83223,0.11947,-0.13697,0.09857,0,1.000
104,6,24,ACTIVE,0.00000,0.10880,0.00000,-0.62173,0.82801,0.82907,0.02753,1.34610,2.73407,0.17500,1.74322,-0.07780,0.17913,0.07560,0,1.000
104,7,24,ACTIVE,0.00000,0.10880,0.00000,-0.44382,0.68845,0.81883,0.02138,1.34610,2.73032,0.17500,1.73545,0.17791,-0.13956,-0.01024,0,1.000
104,8,24,ACTIVE,0.00000,0.10880,0.00000,-0.53463,0.80742,0.66198,0.01567,1.34610,2.72788,0.17500,1.73577,-0.09080,0.11897,-0.15685,0,1.000
104,9,24,ACTIVE,0.00000,0.10880,0.00000,-0.56891,0.56773,0.64822,0.01054,1.34610,2.72639,0.17500,1.86709,-0.03428,-0.23969,-0.01375,0,1.000
104,10,24,ACTIVE,0.00000,0.10880,0.00000,-0.73252,0.67862,0.71059,0.00602,1.34610,2.72558,0.17500,1.91248,-0.16362,0.11088,0.06236,0,1.000
104,11,24,ACTIVE,0.00000,0.10880,0.00000,-0.61306,0.54165,0.80916,0.00207,1.34610,2.72524,0.17500,1.83223,0.11947,-0.13697,0.09857,0,1.000
105,6,25,ACTIVE,0.00000,0.10880,0.00000,-0.62173,0.82801,0.82907,0.02753,1.34610,2.73407,0.17500,1.74322,-0.07780,0.17913,0.07560,0,1.000
105,7,25,ACTIVE,0.00000,0.10880,0.00000,-0.44382,0.68845,0.81883,0.02138,1.34610,2.73032,0.17500,1.73545,0.17791,-0.13956,-0.01024,0,1.000
105,8,25,ACTIVE,0.00000,0.10880,0.00000,-0.53463,0.80742,0.66198,0.01567,1.34610,2.72788,0.17500,1.73577,-0.09080,0.11897,-0.15685,0,1.000
105,9,25,ACTIVE,0.00000,0.10880,0.00000,-0.56891,0.56773,0.64822,0.01054,1.34610,2.72639,0.17500,1.86709,-0.03428,-0.23969,-0.01375,0,1.000
105,10,25,ACTIVE,0.00000,0.10880,0.00000,-0.73252,0.67862,0.71059,0.00602,1.34610,2.72558,0.17500,1.91248,-0.16362,0.11088,0.06236,0,1.000
105,11,25,ACTIVE,0.00000,0.10880,0.00000,-0.61306,0.54165,0.80916,0.00207,1.34610,2.72524,0.17500,1.83223,0.11947,-0.13697,0.09857,0,1.000
106,6,26,ACTIVE,0.00000,0.10880,0.00000,-0.62173,0.82801,0.82907,0.02753,1.34610,2.73407,0.17500,1.74322,-0.07780,0.17913,0.07560,0,1.000
106,7,26,ACTIVE,0.00000,0.10880,0.00000,-0.44382,0.68845,0.81883,0.02138,1.34610,2.73032,0.17500,1.73545,0.17791,-0.13956,-0.01024,0,1.000
106,8,26,ACTIVE,0.00000,0.10880,0.00000,-0.53463,0.80742,0.66198,0.01567,1.34610,2.72788,0.17500,1.73577,-0.09080,0.11897,-0.15685,0,1.000
106,9,26,ACTIVE,0.00000,0.10880,0.00000,-0.56891,0.56773,0.64822,0.01054,1.34610,2.72639,0.17500,1.86709,-0.03428,-0.23969,-0.01375,0,1.000
106,10,26,ACTIVE,0.00000,0.10880,0.00000,-0.73252,0.67862,0.71059,0.00602,1.34610,2.72558,0.17500,1.91248,-0.16362,0.11088,0.06236,0,1.000
106,11,26,ACTIVE,0.00000,0.10880,0.00000,-0.61306,0.54165,0.80916,0.00207,1.34610,2.72524,0.17500,1.83223,0.11947,-0.13697,0.09857,0,1.000
107,6,27,ACTIVE,0.00000,0.10880,0.00000,-0.62173,0.82801,0.82907,0.02753,1.34610,2.73407,0.17500,1.74322,-0.07780,0.17913,0.07560,0,1.000
107,7,27,ACTIVE,0.00000,0.10880,0.00000,-0.44382,0.68845,0.81883,0.02138,1.34610,2.73032,0.17500,1.73545,0.17791,-0.13956,-0.01024,0,1.000
107,8,27,ACTIVE,0.00000,0.10880,0.00000,-0.53463,0.80742,0.66198,0.01567,1.34610,2.72788,0.17500,1.73577,-0.09080,0.11897,-0.15685,0,1.000
107,9,27,ACTIVE,0.00000,0.10880,0.00000,-0.56891,0.56773,0.64822,0.01054,1.34610,2.72639,0.17500,1.86709,-0.03428,-0.23969,-0.01375,0,1.000
107,10,27,ACTIVE,0.00000,0.10880,0.00000,-0.73252,0.67862,0.71059,0.00602,1.34610,2.72558,0.17500,1.91248,-0.16362,0.11088,0.06236,0,1.000
107,11,27,ACTIVE,0.00000,0.10880,0.00000,-0.61306,0.54165,0.80916,0.00207,1.34610,2.72524,0.17500,1.83223,0.11947,-0.13697,0.09857,0,1.000
108,6,28,ACTIVE,0.00000,0.10880,0.00000,-0.62173,0.82801,0.82907,0.02753,1.34610,2.73407,0.17500,1.74322,-0.07780,0.17913,0.07560,0,1.000
108,7,28,ACTIVE,0.00000,0.10880,0.00000,-0.44382,0.68845,0.81883,0.02138,1.34610,2.73032,0.17500,1.73545,0.17791,-0.13956,-0.01024,0,1.000
108,8,28,ACTIVE,0.00000,0.10880,0.00000,-0.53463,0.80742,0.66198,0.01567,1.34610,2.72788,0.17500,1.73577,-0.09080,0.11897,-0.15685,0,1.000
108,9,28,ACTIVE,0.00000,0.10880,0.00000,-0.56891,0.56773,0.64822,0.01054,1.34610,2.72639,0.17500,1.86709,-0.03428,-0.23969,-0.01375,0,1.000
108,10,28,ACTIVE,0.00000,0.10880,0.00000,-0.73252,0.67862,0.71059,0.00602,1.34610,2.72558,0.17500,1.91248,-0.16362,0.11088,0.06236,0,1.000
108,11,28,ACTIVE,0.00000,0.10880,0.00000,-0.61306,0.54165,0.80916,0.00207,1.34610,2.72524,0.17500,1.83223,0.11947,-0.13697,0.09857,0,1.000
109,6,29,ACTIVE,0.00000,0.10880,0.00000,-0.62173,0.82801,0.82907,0.02753,1.34610,2.73407,0.17500,1.74322,-0.07780,0.17913,0.07560,0,1.000
109,7,29,ACTIVE,0.00000,0.10880,0.00000,-0.44382,0.68845,0.81883,0.02138,1.34610,2.73032,0.17500,1.73545,0.17791,-0.13956,-0.01024,0,1.000
109,8,29,ACTIVE,0.00000,0.10880,0.00000,-0.53463,0.80742,0.66198,0.01567,1.34610,2.72788,0.17500,1.73577,-0.09080,0.11897,-0.15685,0,1.000
109,9,29,ACTIVE,0.00000,0.10880,0.00000,-0.56891,0.56773,0.64822,0.01054,1.34610,2.72639,0.17500,1.86709,-0.03428,-0.23969,-0.01375,0,1.000
109,10,29,ACTIVE,0.00000,0.10880,0.00000,-0.73252,0.67862,0.71059,0.00602,1.34610,2.72558,0.17500,1.91248,-0.16362,0.11088,0.06236,0,1.000
109,11,29,ACTIVE,0.00000,0.10880,0.00000,-0.61306,0.54165,0.80916,0.00207,1.34610,2.72524,0.17500,1.83223,0.11947,-0.13697,0.09857,0,1.000
110,6,30,ACTIVE,0.00000,0.10880,0.00000,-0.62173,0.82801,0.82907,0.02753,1.34610,2.73407,0.17500,1.74322,-0.07780,0.17913,0.07560,0,1.000
110,7,30,ACTIVE,0.00000,0.10880,0.00000,-0.44382,0.68845,0.81883,0.02138,1.34610,2.73032,0.17500,1.73545,0.17791,-0.13956,-0.01024,0,1.000
110,8,30,ACTIVE,0.00000,0.10880,0.00000,-0.53463,0.80742,0.66198,0.01567,1.34610,2.72788,0.17500,1.73577,-0.09080,0.11897,-0.15685,0,1.000
110,9,30,ACTIVE,0.00000,0.10880,0.00000,-0.56891,0.56773,0.64822,0.01054,1.34610,2.72639,0.17500,1.86709,-0.03428,-0.23969,-0.01375,0,1.000
110,10,30,ACTIVE,0.00000,0.10880,0.00000,-0.73252,0.67862,0.71059,0.00602,1.34610,2.72558,0.17500,1.91248,-0.16362,0.11088,0.06236,0,1.000
110,11,30,ACTIVE,0.00000,0.10880,0.00000,-0.61306,0.54165,0.80916,0.00207,1.34610,2.72524,0.17500,1.83223,0.11947,-0.13697,0.09857,0,1.000
111,6,31,ACTIVE,0.00000,0.10880,0.00000,-0.62173,0.82801,0.82907,0.02753,1.34610,2.73407,0.17500,1.74322,-0.07780,0.17913,0.07560,0,1.000
111,7,31,ACTIVE,0.00000,0.10880,0.00000,-0.44382,0.68845,0.81883,0.02138,1.34610,2.73032,0.17500,1.73545,0.17791,-0.13956,-0.01024,0,1.000
111,8,31,ACTIVE,0.00000,0.10880,0.00000,-0.53463,0.80742,0.66198,0.01567,1.34610,2.72788,0.17500,1.73577,-0.09080,0.11897,-0.15685,0,1.000
111,9,31,ACTIVE,0.00000,0.10880,0.00000,-0.56891,0.56773,0.64822,0.01054,1.34610,2.72639,0.17500,1.86709,-0.03428,-0.23969,-0.01375,0,1.000
111,10,31,ACTIVE,0.00000,0.10880,0.00000,-0.73252,0.67862,0.71059,0.00602,1.34610,2.72558,0.17500,1.91248,-0.16362,0.11088,0.06236,0,1.000
111,11,31,ACTIVE,0.00000,0.10880,0.00000,-0.61306,0.54165,0.80916,0.00207,1.34610,2.72524,0.17500,1.83223,0.11947,-0.13697,0.09857,0,1.000
112,6,32,ACTIVE,0.00000,0.10880,0.00000,-0.62173,0.82801,0.82907,0.02753,1.34610,2.73407,0.17500,1.74322,-0.07780,0.17913,0.07560,0,1.000
112,7,32,ACTIVE,0.00000,0.10880,0.00000,-0.44382,0.68845,0.81883,0.02138,1.34610,2.73032,0.17500,1.73545,0.17791,-0.13956,-0.01024,0,1.000
112,8,32,ACTIVE,0.00000,0.10880,0.00000,-0.53463,0.80742,0.66198,0.01567,1.34610,2.72788,0.17500,1.73577,-0.09080,0.11897,-0.15685,0,1.000
112,9,32,ACTIVE,0.00000,0.10880,0.00000,-0.56891,0.56773,0.64822,0.01054,1.34610,2.72639,0.17500,1.86709,-0.03428,-0.23969,-0.01375,0,1.000
112,10,32,ACTIVE,0.00000,0.10880,0.00000,-0.73252,0.67862,0.71059,0.00602,1.34610,2.72558,0.17500,1.91248,-0.16362,0.11088,0.06236,0,1.000
112,11,32,ACTIVE,0.00000,0.10880,0.00000,-0.61306,0.54165,0.80916,0.00207,1.34610,2.72524,0.17500,1.83223,0.11947,-0.13697,0.09857,0,1.000
113,6,33,ACTIVE,0.00000,0.10880,0.00000,-0.62173,0.82801,0.82907,0.02753,1.34610,2.73407,0.17500,1.74322,-0.07780,0.17913,0.07560,0,1.000
113,7,33,ACTIVE,0.00000,0.10880,0.00000,-0.44382,0.68845,0.81883,0.02138,1.34610,2.73032,0.17500,1.73545,0.17791,-0.13956,-0.01024,0,1.000
113,8,33,ACTIVE,0.00000,0.10880,0.00000,-0.53463,0.80742,0.66198,0.01567,1.34610,2.72788,0.17500,1.73577,-0.09080,0.11897,-0.15685,0,1.000
113,9,33,ACTIVE,0.00000,0.10880,0.00000,-0.56891,0.56773,0.64822,0.01054,1.34610,2.72639,0.17500,1.86709,-0.03428,-0.23969,-0.01375,0,1.000
113,10,33,ACTIVE,0.00000,0.10880,0.00000,-0.73252,0.67862,0.71059,0.00602,1.34610,2.72558,0.17500,1.91248,-0.16362,0.11088,0.06236,0,1.000
113,11,33,ACTIVE,0.00000,0.10880,0.00000,-0.61306,0.54165,0.80916,0.00207,1.34610,2.72524,0.17500,1.83223,0.11947,-0.13697,0.09857,0,1.000
114,6,34,ACTIVE,0.00000,0.10880,0.00000,-0.62173,0.82801,0.82907,0.02753,1.34610,2.73407,0.17500,1.74322,-0.07780,0.17913,0.07560,0,1.000
114,7,34,ACTIVE,0.00000,0.10880,0.00000,-0.44382,0.68845,0.81883,0.02138,1.34610,2.73032,0.17500,1.73545,0.17791,-0.13956,-0.01024,0,1.000
114,8,34,ACTIVE,0.00000,0.10880,0.00000,-0.53463,0.80742,0.66198,0.01567,1.34610,2.72788,0.17500,1.73577,-0.09080,0.11897,-0.15685,0,1.000
114,9,34,ACTIVE,0.00000,0.10880,0.00000,-0.56891,0.56773,0.64822,0.01054,1.34610,2.72639,0.17500,1.86709,-0.03428,-0.23969,-0.01375,0,1.000
114,10,34,ACTIVE,0.00000,0.10880,0.00000,-0.73252,0.67862,0.71059,0.00602,1.34610,2.72558,0.17500,1.91248,-0.16362,0.11088,0.06236,0,1.000
114,11,34,ACTIVE,0.00000,0.10880,0.00000,-0.61306,0.54165,0.80916,0.00207,1.34610,2.72524,0.17500,1.83223,0.11947,-0.13697,0.09857,0,1.000
115,6,35,ACTIVE,0.00000,0.10880,0.00000,-0.62173,0.82801,0.82907,0.02753,1.34610,2.73407,0.17500,1.74322,-0.07780,0.17913,0.07560,0,1.000
115,7,35,ACTIVE,0.00000,0.10880,0.00000,-0.44382,0.68845,0.81883,0.02138,1.34610,2.73032,0.17500,1.73545,0.17791,-0.13956,-0.01024,0,1.000
115,8,35,ACTIVE,0.00000,0.10880,0.00000,-0.53463,0.80742,0.66198,0.01567,1.34610,2.72788,0.17500,1.73577,-0.09080,0.11897,-0.15685,0,1.000
115,9,35,ACTIVE,0.00000,0.10880,0.00000,-0.56891,0.56773,0.64822,0.01054,1.34610,2.72639,0.17500,1.86709,-0.03428,-0.23969,-0.01375,0,1.000
115,10,35,ACTIVE,0.00000,0.10880,0.00000,-0.73252,0.67862,0.71059,0.00602,1.34610,2.72558,0.17500,1.91248,-0.16362,0.11088,0.06236,0,1.000
115,11,35,ACTIVE,0.00000,0.10880,0.00000,-0.61306,0.54165,0.80916,0.00207,1.34610,2.72524,0.17500,1.83223,0.11947,-0.13697,0.09857,0,1.000
116,6,36,ACTIVE,0.00000,0.10880,0.00000,-0.62173,0.82801,0.82907,0.02753,1.34610,2.73407,0.17500,1.74322,-0.07780,0.17913,0.07560,0,1.000
116,7,36,ACTIVE,0.00000,0.10880,0.00000,-0.44382,0.68845,0.81883,0.02138,1.34610,2.73032,0.17500,1.73545,0.17791,-0.13956,-0.01024,0,1.000
116,8,36,ACTIVE,0.00000,0.10880,0.00000,-0.53463,0.80742,0.66198,0.01567,1.34610,2.72788,0.17500,1.73577,-0.09080,0.11897,-0.15685,0,1.000
116,9,36,ACTIVE,0.00000,0.10880,0.00000,-0.56891,0.56773,0.64822,0.01054,1.34610,2.72639,0.17500,1.86709,-0.03428,-0.23969,-0.01375,0,1.000
116,10,36,ACTIVE,0.00000,0.10880,0.00000,-0.73252,0.67862,0.71059,0.00602,1.34610,2.72558,0.17500,1.91248,-0.16362,0.11088,0.06236,0,1.000
116,11,36,ACTIVE,0.00000,0.10880,0.00000,-0.61306,0.54165,0.80916,0.00207,1.34610,2.72524,0.17500,1.83223,0.11947,-0.13697,0.09857,0,1.000
117,6,37,ACTIVE,0.00000,0.10880,0.00000,-0.62173,0.82801,0.82907,0.02753,1.34610,2.73407,0.17500,1.74322,-0.07780,0.17913,0.07560,0,1.000
117,7,37,ACTIVE,0.00000,0.10880,0.00000,-0.44382,0.68845,0.81883,0.02138,1.34610,2.73032,0.17500,1.73545,0.17791,-0.13956,-0.01024,0,1.000
117,8,37,ACTIVE,0.00000,0.10880,0.00000,-0.53463,0.80742,0.66198,0.01567,1.34610,2.72788,0.17500,1.73577,-0.09080,0.11897,-0.15685,0,1.000
117,9,37,ACTIVE,0.00000,0.10880,0.00000,-0.56891,0.56773,0.64822,0.01054,1.34610,2.72639,0.17500,1.86709,-0.03428,-0.23969,-0.01375,0,1.000
117,10,37,ACTIVE,0.00000,0.10880,0.00000,-0.73252,0.67862,0.71059,0.00602,1.34610,2.72558,0.17500,1.91248,-0.16362,0.11088,0.06236,0,1.000
117,11,37,ACTIVE,0.00000,0.10880,0.00000,-0.61306,0.54165,0.80916,0.00207,1.34610,2.72524,0.17500,1.83223,0.11947,-0.13697,0.09857,0,1.000
118,6,38,ACTIVE,0.00000,0.10880,0.00000,-0.62173,0.82801,0.82907,0.02753,1.34610,2.73407,0.17500,1.74322,-0.07780,0.17913,0.07560,0,1.000
118,7,38,ACTIVE,0.00000,0.10880,0.00000,-0.44382,0.68845,0.81883,0.02138,1.34610,2.73032,0.17500,1.73545,0.17791,-0.13956,-0.01024,0,1.000
118,8,38,ACTIVE,0.00000,0.10880,0.00000,-0.53463,0.80742,0.66198,0.01567,1.34610,2.72788,0.17500,1.73577,-0.09080,0.11897,-0.15685,0,1.000
118,9,38,ACTIVE,0.00000,0.10880,0.00000,-0.56891,0.56773,0.64822,0.01054,1.34610,2.72639,0.17500,1.86709,-0.03428,-0.23969,-0.01375,0,1.000
118,10,38,ACTIVE,0.00000,0.10880,0.00000,-0.73252,0.67862,0.71059,0.00602,1.34610,2.72558,0.17500,1.91248,-0.16362,0.11088,0.06236,0,1.000
118,11,38,ACTIVE,0.00000,0.10880,0.00000,-0.61306,0.54165,0.80916,0.00207,1.34610,2.72524,0.17500,1.83223,0.11947,-0.13697,0.09857,0,1.000
119,6,39,ACTIVE,0.00000,0.10880,0.00000,-0.62173,0.82801,0.82907,0.02753,1.34610,2.73407,0.17500,1.74322,-0.07780,0.17913,0.07560,0,1.000
119,7,39,ACTIVE,0.00000,0.10880,0.00000,-0.44382,0.68845,0.81883,0.02138,1.34610,2.73032,0.17500,1.73545,0.17791,-0.13956,-0.01024,0,1.000
119,8,39,ACTIVE,0.00000,0.10880,0.00000,-0.53463,0.80742,0.66198,0.01567,1.34610,2.72788,0.17500,1.73577,-0.09080,0.11897,-0.15685,0,1.000
119,9,39,ACTIVE,0.00000,0.10880,0.00000,-0.56891,0.56773,0.64822,0.01054,1.34610,2.72639,0.17500,1.86709,-0.03428,-0.23969,-0.01375,0,1.000
119,10,39,ACTIVE,0.00000,0.10880,0.00000,-0.73252,0.67862,0.71059,0.00602,1.34610,2.72558,0.17500,1.91248,-0.16362,0.11088,0.06236,0,1.000
119,11,39,ACTIVE,0.00000,0.10880,0.00000,-0.61306,0.54165,0.80916,0.00207,1.34610,2.72524,0.17500,1.83223,0.11947,-0.13697,0.09857,0,1.000
120,6,40,ACTIVE,0.00000,0.10880,0.00000,-0.62173,0.82801,0.82907,0.02753,1.34610,2.73407,0.17500,1.74322,-0.07780,0.17913,0.07560,0,1.000
120,7,40,ACTIVE,0.00000,0.10880,0.00000,-0.44382,0.68845,0.81883,0.02138,1.34610,2.73032,0.17500,1.73545,0.17791,-0.13956,-0.01024,0,1.000
120,8,40,ACTIVE,0.00000,0.10880,0.00000,-0.53463,0.80742,0.66198,0.01567,1.34610,2.72788,0.17500,1.73577,-0.09080,0.11897,-0.15685,0,1.000
120,9,40,ACTIVE,0.00000,0.10880,0.00000,-0.56891,0.56773,0.64822,0.01054,1.34610,2.72639,0.17500,1.86709,-0.03428,-0.23969,-0.01375,0,1.000
120,10,40,ACTIVE,0.00000,0.10880,0.00000,-0.73252,0.67862,0.71059,0.00602,1.34610,2.72558,0.17500,1.91248,-0.16362,0.11088,0.06236,0,1.000
120,11,40,ACTIVE,0.00000,0.10880,0.00000,-0.61306,0.54165,0.80916,0.00207,1.34610,2.72524,0.17500,1.83223,0.11947,-0.13697,0.09857,0,1.000
